"a0968e820bbc5e099efd55143028b1997fd728d923c19af03a1ccec34ce73d9b,"
"88788208316a6cf4025dbabbef703f51d77d475dc735bf826b8d4a13bbd6a3ee,"
"4064e4bb9a4254948047858301f2b75e276a878321b0cc02710e1738b42548ca,"
"e7896ccb82ae35e1ee5949b187839faab0b51221d510b25882bbe711e57c16d2,"
"1c0947258ddb608c879333c941f0738a7f279bc14630f2c8877b82b8046acf91,"
"8fbd374d4659efdc5b5a57ff4168236aeaab6dae4af6b92d99ac28e05f04e5c1,"
"7e14ca8cb7980e85aff4038f489442eace33530fd02e2b9c382a4b6907601bee,"
"02060a9ea0d0709e478e2fba6e9b71c1b7315356acc4f64e40802185c4f42f1c,"
"53b4a4359757e7f4e83929fba459677e76340cbec7e2e1588bbf70a4df7b0e97,"
0ab2b0a2c46d14593fe900e7c9ce5370c9cfbf6927c8adb5812c797a25b7f955
"73c677dd3b264e7eb80e26e78ac9df1dba30915b5ce3b1bc1c83db52b9c6b30e,"
"960d4c9e79e751be6cad470e4f8e1d3a2b11f76f47597df8619ae41c96ba5809,"
"b8703744744555ad841f922995cef5dbca11da22565195d05529f5f9095fbfca,"
"94278fa01900fdbfb58d2e373895c045c69c01915edc5349cd6f3e5b7130c472,"
"5df724c220aed7b4878a2a557502a5cefee736406e25ca48ca11a70608f3a1c0,"
"39da7cc7c627ea4c46f75bcec79e5669236e6b43657dcad099e1b9214527670e,"
"c23f17b92b13464a570f737a86c0960d5106868aaa5eac2f2bac573c3314eb0f,"
"fb58c54a6d0ed24e85b213f0c487f8df05e421d7b07bd2bece3a925a855be93a,"
"7e6b04e17ae273700cef4dc08349af949dbd4d3418159d607529ae31285e18f7,"
"ff2ae62ba88e7068fa142bbe67d7b9398e8ae737a43cf36ace1fcf809776c909,"
"e2810cca5d4b74e0fe04591743e67da483a053a8b06f3ef4a41bdabee9c48cf7,"
"90f94d98386c179a1b98a1f082b0c7487b22403d8d5eb3db6828725d14392ded,"
"20aaeac4dbea89b50d011e9becdf51afc1a1a1f254a5f494b80c108fd3c7f61a,"
"55af6a90ac8863f27b3fcaa416a0f1e4ff02fb42aa46a7274c6b76aa000aacc2,"
"f925d929602c9bae0a879bb54b08f5f387d908d4766506c880c5d29986320cf9,"
"424a9c85f97aa1aece9480bd658266c366a60ff1d62c31b87ddc15a1913c10e4,"
"c80c8dd7be3ccf18e327355b880afb5a24d5a0596939458fb13319e05c4d43e9,"
"c88453178f5f6aaab0cab2e126b0db27b25a5cfe6905914cc430f6f100b7675c,"
"31591fcf677a2da2834d2cc99a00ab500918b53900318f6b19ea708eba2b38ab,"
"c9f58d96ec809a75679ec3c7a61eaaf3adbbeb6613d667257517bdc41ecca9ae, "
"d8824f643127c1d8f73028be01363fd77b2ecb050ebe8c17793633b9879d20eb, "
"87480b151e465b73151220533c965f3a77046138f079ca3ceb961a7d5fee9a33, "
"c85eedd51dced48b3764c2d5bdb8febefe4210a2d9611e0fb14ffc937b80e302, "
"13907caae48ea741942bce60fa32087328475bd14f5a81a6d04d82286bd28b4d, "
"119b0994bcf9c9494ce44f896b7ff4a489b62f31706be2cb6e4a9338b63cdfdb, "
"6f1f3415c3e52dcdbb012f412aef7b9744786b2d4a1b850f1f4561048716c750, "
"b371fbdce6935039218d4b4272db3521881c9cec48ef82dec1e9e0188a32d3ad,"
"bd710ee53ef3ad872f3f0678117050608a8e073c87045a06a86fb4a7f0e4eff0, "
"b16aee58b7dfaf2a612144e2c993e29dcbd59d8c20e0fd0ab75b76dd9170e104, "
"65142c8f490839a60f4907ab8f28dd9db4258e1cfab2d48e89437ef2188a6e94, "
"bfd59ed369057c325e517b22be505f42d60916a47e8bdcbe690210a3087d466d, "
22e2d84c2a9525e8c6a825fb53f2f30621c5e6c68b1051432b1c5c625ae46f8c
"cb704d2e8df80fd3500a5b817966dc262d80ddb8,"
"2c56e9beea9f0801e0110a7dc5549b4fa0661362,"
"5e460a517f0579b831b09ec99ef158ac0dd3d4fa,"
107ec3a7ed7ad908774ad18e3e03d4b999d4690c
"cd8fbf0dcdd429c06c80b124caf574334504e99a,"
1c9629aeb0e6dbe48f9965d87c64a7b8750bbf93

